-- Insert into CLECK_USER
Insert into CLECK_USER (USER_ID,FIRST_NAME,LAST_NAME,USER_ADDRESS,USER_EMAIL,USER_AGE,USER_GENDER,USER_PASSWORD,USER_PROFILE_PICTURE,USER_TYPE,USER_CONTACT_NO,USER_DOB) values (1,'Swostik','Nepal','Baneshwor','swostik.nepal@gmail.com',22,'male','7348e261a87e711c5f45399dcbec63b8','profile_001.jpg','Admin',9801234567,to_date('15-MAR-02','DD-MON-RR'));
Insert into CLECK_USER (USER_ID,FIRST_NAME,LAST_NAME,USER_ADDRESS,USER_EMAIL,USER_AGE,USER_GENDER,USER_PASSWORD,USER_PROFILE_PICTURE,USER_TYPE,USER_CONTACT_NO,USER_DOB) values (2,'Suyash','Rijal','Patan','suyash.rijal@gmail.com',21,'male','7348e261a87e711c5f45399dcbec63b8','6671234ab1234.jpg','trader',9812345678,to_date('20-APR-03','DD-MON-RR'));
Insert into CLECK_USER (USER_ID,FIRST_NAME,LAST_NAME,USER_ADDRESS,USER_EMAIL,USER_AGE,USER_GENDER,USER_PASSWORD,USER_PROFILE_PICTURE,USER_TYPE,USER_CONTACT_NO,USER_DOB) values (3,'Sampurna','Gautam','Koteshwor','sampurna.gautam@gmail.com',19,'female','7348e261a87e711c5f45399dcbec63b8','6672345bc2345.jpg','trader',9823456789,to_date('10-JUL-05','DD-MON-RR'));
Insert into CLECK_USER (USER_ID,FIRST_NAME,LAST_NAME,USER_ADDRESS,USER_EMAIL,USER_AGE,USER_GENDER,USER_PASSWORD,USER_PROFILE_PICTURE,USER_TYPE,USER_CONTACT_NO,USER_DOB) values (4,'Sampurna','Simkhada','Bhaktapur','sampurna.simkhada@gmail.com',20,'female','7348e261a87e711c5f45399dcbec63b8','6673456cd3456.jpg','trader',9834567890,to_date('25-SEP-04','DD-MON-RR'));
Insert into CLECK_USER (USER_ID,FIRST_NAME,LAST_NAME,USER_ADDRESS,USER_EMAIL,USER_AGE,USER_GENDER,USER_PASSWORD,USER_PROFILE_PICTURE,USER_TYPE,USER_CONTACT_NO,USER_DOB) values (5,'Supriya','Dhakal','Dillibazar','supriya.dhakal@gmail.com',23,'female','7348e261a87e711c5f45399dcbec63b8','6674567de4567.jpg','trader',9845678901,to_date('30-NOV-01','DD-MON-RR'));
Insert into CLECK_USER (USER_ID,FIRST_NAME,LAST_NAME,USER_ADDRESS,USER_EMAIL,USER_AGE,USER_GENDER,USER_PASSWORD,USER_PROFILE_PICTURE,USER_TYPE,USER_CONTACT_NO,USER_DOB) values (6,'Roshan','Adhikari','Chabahil','roshan.adhikari@gmail.com',24,'male','7348e261a87e711c5f45399dcbec63b8','6675678ef5678.jpg','trader',9856789012,to_date('05-FEB-00','DD-MON-RR'));
Insert into CLECK_USER (USER_ID,FIRST_NAME,LAST_NAME,USER_ADDRESS,USER_EMAIL,USER_AGE,USER_GENDER,USER_PASSWORD,USER_PROFILE_PICTURE,USER_TYPE,USER_CONTACT_NO,USER_DOB) values (7,'Aarav','Sharma','Thamel','aarav.sharma@tbc.edu.np',20,'male','7348e261a87e711c5f45399dcbec63b8','6676789fg6789.jpg','customer',9867890123,to_date('12-AUG-04','DD-MON-RR'));

-- Insert into ADMIN
Insert into ADMIN (ADMIN_ID,USER_ID) values (401,1);

-- Insert into CUSTOMER
Insert into CUSTOMER (CUSTOMER_ID,CUSTOMER_DATE_JOINED,VERIFICATION_CODE,DATE_UPDATED,VERIFIED_CUSTOMER,USER_ID,PROFILE_PICTURE) values (301,to_date('01-JUN-24','DD-MON-RR'),123456,to_date('01-JUN-24','DD-MON-RR'),1,7,'6676789fg6789.jpg');

-- Insert into TRADER
Insert into TRADER (TRADER_ID,TRADER_TYPE,SHOP_NAME,VERIFICATION_STATUS,USER_ID,PROFILE_PICTURE,VERIFICATION_CODE,VERFIED_ADMIN,VERIFICATION_SEND) values (205,'1200','Fresh Bakery',1,2,'6671234ab1234.jpg',789012,1,1);
Insert into TRADER (TRADER_ID,TRADER_TYPE,SHOP_NAME,VERIFICATION_STATUS,USER_ID,PROFILE_PICTURE,VERIFICATION_CODE,VERFIED_ADMIN,VERIFICATION_SEND) values (206,'1204','Green Harvest',1,6,'6675678ef5678.jpg',234567,1,1);
Insert into TRADER (TRADER_ID,TRADER_TYPE,SHOP_NAME,VERIFICATION_STATUS,USER_ID,PROFILE_PICTURE,VERIFICATION_CODE,VERFIED_ADMIN,VERIFICATION_SEND) values (207,'1201','Prime Meats',1,3,'6672345bc2345.jpg',345678,1,1);
Insert into TRADER (TRADER_ID,TRADER_TYPE,SHOP_NAME,VERIFICATION_STATUS,USER_ID,PROFILE_PICTURE,VERIFICATION_CODE,VERFIED_ADMIN,VERIFICATION_SEND) values (208,'1203','Ocean Delights',1,4,'6673456cd3456.jpg',456789,1,1);
Insert into TRADER (TRADER_ID,TRADER_TYPE,SHOP_NAME,VERIFICATION_STATUS,USER_ID,PROFILE_PICTURE,VERIFICATION_CODE,VERFIED_ADMIN,VERIFICATION_SEND) values (209,'1202','Sweet Haven',1,5,'6674567de4567.jpg',567890,1,1);

-- Insert into SHOP
Insert into SHOP (SHOP_ID,SHOP_NAME,SHOP_DESCRIPTION,USER_ID,VERIFIED_SHOP,SHOP_PROFILE,SHOP_CATEGORY_ID,REGISTRATION_NO) values (505,'Fresh Bakery','Indulge in our artisan breads and pastries, crafted with premium ingredients.',2,1,'6671234ab1501.jpeg',1200,9988776655443);
Insert into SHOP (SHOP_ID,SHOP_NAME,SHOP_DESCRIPTION,USER_ID,VERIFIED_SHOP,SHOP_PROFILE,SHOP_CATEGORY_ID,REGISTRATION_NO) values (506,'Green Harvest','Your source for fresh, organic vegetables and fruits, sourced locally.',6,1,'6675678ef575f.jpeg',1204,7766554433221);
Insert into SHOP (SHOP_ID,SHOP_NAME,SHOP_DESCRIPTION,USER_ID,VERIFIED_SHOP,SHOP_PROFILE,SHOP_CATEGORY_ID,REGISTRATION_NO) values (507,'Prime Meats','Premium quality meats, expertly cut for your culinary needs.',3,1,'6672345bc245d.jpeg',1201,5544332211009);
Insert into SHOP (SHOP_ID,SHOP_NAME,SHOP_DESCRIPTION,USER_ID,VERIFIED_SHOP,SHOP_PROFILE,SHOP_CATEGORY_ID,REGISTRATION_NO) values (508,'Ocean Delights','Fresh seafood straight from the ocean, perfect for any dish.',4,1,'6673456cd355e.jpeg',1203,3322110099887);
Insert into SHOP (SHOP_ID,SHOP_NAME,SHOP_DESCRIPTION,USER_ID,VERIFIED_SHOP,SHOP_PROFILE,SHOP_CATEGORY_ID,REGISTRATION_NO) values (509,'Sweet Haven','A delightful range of sweets and confections for every occasion.',5,1,'6674567de4661.jpeg',1202,1100998877665);

-- Insert into WISHLIST
Insert into WISHLIST (WISHLIST_ID,WISHLIST_CREATED_DATE,WISHLIST_UPDATED_DATE,CUSTOMER_ID) values (1001,to_date('01-JUN-24','DD-MON-RR'),to_date('01-JUN-24','DD-MON-RR'),301);

-- Insert into CART
Insert into CART (CART_ID,CUSTOMER_ID,ORDER_PRODUCT_ID) values (901,301,605);

-- Insert into PRODUCT_CATEGORY
Insert into PRODUCT_CATEGORY (CATEGORY_ID,CATEGORY_TYPE,CATEGORY_IMAGE) values (1200,'Bakery','66712128cad5b.jpeg');
Insert into PRODUCT_CATEGORY (CATEGORY_ID,CATEGORY_TYPE,CATEGORY_IMAGE) values (1201,'Butcher','6671213b91147.jpeg');
Insert into PRODUCT_CATEGORY (CATEGORY_ID,CATEGORY_TYPE,CATEGORY_IMAGE) values (1202,'Delicatessen','6671217109f27.jpeg');
Insert into PRODUCT_CATEGORY (CATEGORY_ID,CATEGORY_TYPE,CATEGORY_IMAGE) values (1203,'Fish Monger','6671219ff104f.jpeg');
Insert into PRODUCT_CATEGORY (CATEGORY_ID,CATEGORY_TYPE,CATEGORY_IMAGE) values (1204,'Green Grocer','667121c73a1fe.jpeg');

-- Insert into PRODUCT
Insert into PRODUCT (PRODUCT_ID,PRODUCT_NAME,PRODUCT_DESCRIPTION,PRODUCT_PRICE,PRODUCT_QUANTITY,STOCK_AVAILABLE,IS_DISABLED,MAX_ORDER,ALLERGY_INFORMATION,PRODUCT_PICTURE,PRODUCT_ADDED_DATE,PRODUCT_UPDATE_DATE,CATEGORY_ID,USER_ID,ADMIN_VERIFIED) values (625,'Cheddar Cheese','Rich and sharp Cheddar Cheese, perfect for sandwiches or melting.',6,60,'yes',1,null,'Contains milk. Processed in a facility handling nuts and soy.','66725fa6868b8.jpeg',to_date('01-JUN-24','DD-MON-RR'),to_date('01-JUN-24','DD-MON-RR'),1202,5,1);
Insert into PRODUCT (PRODUCT_ID,PRODUCT_NAME,PRODUCT_DESCRIPTION,PRODUCT_PRICE,PRODUCT_QUANTITY,STOCK_AVAILABLE,IS_DISABLED,MAX_ORDER,ALLERGY_INFORMATION,PRODUCT_PICTURE,PRODUCT_ADDED_DATE,PRODUCT_UPDATE_DATE,CATEGORY_ID,USER_ID,ADMIN_VERIFIED) values (626,'Beef Sausage','Juicy beef sausages with a blend of spices, great for grilling.',7,30,'yes',1,null,'Contains beef. Processed in a facility handling wheat and soy.','6672600d5bdf0.jpeg',to_date('01-JUN-24','DD-MON-RR'),to_date('01-JUN-24','DD-MON-RR'),1201,3,1);
Insert into PRODUCT (PRODUCT_ID,PRODUCT_NAME,PRODUCT_DESCRIPTION,PRODUCT_PRICE,PRODUCT_QUANTITY,STOCK_AVAILABLE,IS_DISABLED,MAX_ORDER,ALLERGY_INFORMATION,PRODUCT_PICTURE,PRODUCT_ADDED_DATE,PRODUCT_UPDATE_DATE,CATEGORY_ID,USER_ID,ADMIN_VERIFIED) values (627,'Gouda Cheese','Smooth and creamy Gouda with a mild, nutty flavor, ideal for cheese boards.',8,50,'yes',1,null,'Contains milk. Processed in a facility handling nuts and soy.','66726086b65b2.jpeg',to_date('01-JUN-24','DD-MON-RR'),to_date('01-JUN-24','DD-MON-RR'),1202,5,1);
Insert into PRODUCT (PRODUCT_ID,PRODUCT_NAME,PRODUCT_DESCRIPTION,PRODUCT_PRICE,PRODUCT_QUANTITY,STOCK_AVAILABLE,IS_DISABLED,MAX_ORDER,ALLERGY_INFORMATION,PRODUCT_PICTURE,PRODUCT_ADDED_DATE,PRODUCT_UPDATE_DATE,CATEGORY_ID,USER_ID,ADMIN_VERIFIED) values (628,'Parmesan Cheese','Aged Parmesan with a bold, nutty flavor, perfect for grating over dishes.',10,35,'yes',1,null,'Contains milk. Processed in a facility handling nuts and soy.','667260f4bac9f.jpeg',to_date('01-JUN-24','DD-MON-RR'),to_date('01-JUN-24','DD-MON-RR'),1202,5,1);
Insert into PRODUCT (PRODUCT_ID,PRODUCT_NAME,PRODUCT_DESCRIPTION,PRODUCT_PRICE,PRODUCT_QUANTITY,STOCK_AVAILABLE,IS_DISABLED,MAX_ORDER,ALLERGY_INFORMATION,PRODUCT_PICTURE,PRODUCT_ADDED_DATE,PRODUCT_UPDATE_DATE,CATEGORY_ID,USER_ID,ADMIN_VERIFIED) values (629,'Duck Eggs','Rich and flavorful duck eggs, ideal for baking or gourmet dishes.',15,70,'yes',1,null,'Contains eggs. Processed in a facility handling soy and wheat.','66726151ac4e7.jpeg',to_date('01-JUN-24','DD-MON-RR'),to_date('01-JUN-24','DD-MON-RR'),1202,5,1);
Insert into PRODUCT (PRODUCT_ID,PRODUCT_NAME,PRODUCT_DESCRIPTION,PRODUCT_PRICE,PRODUCT_QUANTITY,STOCK_AVAILABLE,IS_DISABLED,MAX_ORDER,ALLERGY_INFORMATION,PRODUCT_PICTURE,PRODUCT_ADDED_DATE,PRODUCT_UPDATE_DATE,CATEGORY_ID,USER_ID,ADMIN_VERIFIED) values (630,'Strawberry','Sweet and juicy strawberries, perfect for desserts or snacking.',4,80,'yes',1,null,'Processed in a facility handling nuts and other fruits.','6672633d1bbfc.jpeg',to_date('01-JUN-24','DD-MON-RR'),to_date('01-JUN-24','DD-MON-RR'),1204,6,1);
Insert into PRODUCT (PRODUCT_ID,PRODUCT_NAME,PRODUCT_DESCRIPTION,PRODUCT_PRICE,PRODUCT_QUANTITY,STOCK_AVAILABLE,IS_DISABLED,MAX_ORDER,ALLERGY_INFORMATION,PRODUCT_PICTURE,PRODUCT_ADDED_DATE,PRODUCT_UPDATE_DATE,CATEGORY_ID,USER_ID,ADMIN_VERIFIED) values (631,'Mango','Tropical mangoes with a sweet, juicy flavor, great for smoothies or salads.',2,150,'yes',1,null,'Processed in a facility handling nuts and other fruits.','6672639813087.jpeg',to_date('01-JUN-24','DD-MON-RR'),to_date('01-JUN-24','DD-MON-RR'),1204,6,1);
Insert into PRODUCT (PRODUCT_ID,PRODUCT_NAME,PRODUCT_DESCRIPTION,PRODUCT_PRICE,PRODUCT_QUANTITY,STOCK_AVAILABLE,IS_DISABLED,MAX_ORDER,ALLERGY_INFORMATION,PRODUCT_PICTURE,PRODUCT_ADDED_DATE,PRODUCT_UPDATE_DATE,CATEGORY_ID,USER_ID,ADMIN_VERIFIED) values (632,'Pineapple','Juicy and tangy pineapples, perfect for tropical dishes or snacking.',12,200,'yes',1,null,'Processed in a facility handling nuts and other fruits.','667263eb59cc2.jpeg',to_date('01-JUN-24','DD-MON-RR'),to_date('01-JUN-24','DD-MON-RR'),1204,6,1);
Insert into PRODUCT (PRODUCT_ID,PRODUCT_NAME,PRODUCT_DESCRIPTION,PRODUCT_PRICE,PRODUCT_QUANTITY,STOCK_AVAILABLE,IS_DISABLED,MAX_ORDER,ALLERGY_INFORMATION,PRODUCT_PICTURE,PRODUCT_ADDED_DATE,PRODUCT_UPDATE_DATE,CATEGORY_ID,USER_ID,ADMIN_VERIFIED) values (633,'Orange','Fresh and zesty oranges, packed with vitamin C, ideal for juicing or snacking.',2,400,'yes',1,null,'Processed in a facility handling nuts and other fruits.','6672644715517.jpeg',to_date('01-JUN-24','DD-MON-RR'),to_date('01-JUN-24','DD-MON-RR'),1204,6,1);
Insert into PRODUCT (PRODUCT_ID,PRODUCT_NAME,PRODUCT_DESCRIPTION,PRODUCT_PRICE,PRODUCT_QUANTITY,STOCK_AVAILABLE,IS_DISABLED,MAX_ORDER,ALLERGY_INFORMATION,PRODUCT_PICTURE,PRODUCT_ADDED_DATE,PRODUCT_UPDATE_DATE,CATEGORY_ID,USER_ID,ADMIN_VERIFIED) values (634,'Avocado','Creamy avocados with a rich, buttery flavor, perfect for salads or spreads.',5,250,'yes',1,null,'Processed in a facility handling nuts and other fruits.','66726490411cd.jpeg',to_date('01-JUN-24','DD-MON-RR'),to_date('01-JUN-24','DD-MON-RR'),1204,6,1);
Insert into PRODUCT (PRODUCT_ID,PRODUCT_NAME,PRODUCT_DESCRIPTION,PRODUCT_PRICE,PRODUCT_QUANTITY,STOCK_AVAILABLE,IS_DISABLED,MAX_ORDER,ALLERGY_INFORMATION,PRODUCT_PICTURE,PRODUCT_ADDED_DATE,PRODUCT_UPDATE_DATE,CATEGORY_ID,USER_ID,ADMIN_VERIFIED) values (635,'Croissant','Buttery and flaky croissants, freshly baked for a delightful breakfast.',4,25,'yes',1,null,'Contains wheat, milk, eggs. Processed in a facility handling nuts.','667254ac27a83.jpeg',to_date('31-MAY-24','DD-MON-RR'),to_date('31-MAY-24','DD-MON-RR'),1200,2,1);
Insert into PRODUCT (PRODUCT_ID,PRODUCT_NAME,PRODUCT_DESCRIPTION,PRODUCT_PRICE,PRODUCT_QUANTITY,STOCK_AVAILABLE,IS_DISABLED,MAX_ORDER,ALLERGY_INFORMATION,PRODUCT_PICTURE,PRODUCT_ADDED_DATE,PRODUCT_UPDATE_DATE,CATEGORY_ID,USER_ID,ADMIN_VERIFIED) values (636,'Blueberry Muffin','Moist blueberry muffins with bursts of fruit, perfect for a sweet snack.',6,40,'yes',1,null,'Contains wheat, milk, eggs. Processed in a facility handling nuts.','6672552f78dcf.jpeg',to_date('31-MAY-24','DD-MON-RR'),to_date('31-MAY-24','DD-MON-RR'),1200,2,1);
Insert into PRODUCT (PRODUCT_ID,PRODUCT_NAME,PRODUCT_DESCRIPTION,PRODUCT_PRICE,PRODUCT_QUANTITY,STOCK_AVAILABLE,IS_DISABLED,MAX_ORDER,ALLERGY_INFORMATION,PRODUCT_PICTURE,PRODUCT_ADDED_DATE,PRODUCT_UPDATE_DATE,CATEGORY_ID,USER_ID,ADMIN_VERIFIED) values (637,'Chocolate Eclair','Cream-filled chocolate eclairs with a rich, glossy topping.',7,50,'yes',1,null,'Contains wheat, milk, eggs. Processed in a facility handling nuts.','6672559696896.jpeg',to_date('31-MAY-24','DD-MON-RR'),to_date('31-MAY-24','DD-MON-RR'),1200,2,1);
Insert into PRODUCT (PRODUCT_ID,PRODUCT_NAME,PRODUCT_DESCRIPTION,PRODUCT_PRICE,PRODUCT_QUANTITY,STOCK_AVAILABLE,IS_DISABLED,MAX_ORDER,ALLERGY_INFORMATION,PRODUCT_PICTURE,PRODUCT_ADDED_DATE,PRODUCT_UPDATE_DATE,CATEGORY_ID,USER_ID,ADMIN_VERIFIED) values (605,'Fruit Tart','Delicious fruit tart with a buttery crust and fresh fruit topping.',8,60,'yes',1,null,'Contains wheat, milk, eggs. Processed in a facility handling nuts.','667256840ad96.jpeg',to_date('31-MAY-24','DD-MON-RR'),to_date('31-MAY-24','DD-MON-RR'),1200,2,1);
Insert into PRODUCT (PRODUCT_ID,PRODUCT_NAME,PRODUCT_DESCRIPTION,PRODUCT_PRICE,PRODUCT_QUANTITY,STOCK_AVAILABLE,IS_DISABLED,MAX_ORDER,ALLERGY_INFORMATION,PRODUCT_PICTURE,PRODUCT_ADDED_DATE,PRODUCT_UPDATE_DATE,CATEGORY_ID,USER_ID,ADMIN_VERIFIED) values (638,'Ham','Premium smoked ham, perfect for sandwiches or holiday meals.',12,50,'yes',1,null,'Contains pork. Processed in a facility handling soy and wheat.','6672587a33456.jpeg',to_date('31-MAY-24','DD-MON-RR'),to_date('31-MAY-24','DD-MON-RR'),1201,3,1);
Insert into PRODUCT (PRODUCT_ID,PRODUCT_NAME,PRODUCT_DESCRIPTION,PRODUCT_PRICE,PRODUCT_QUANTITY,STOCK_AVAILABLE,IS_DISABLED,MAX_ORDER,ALLERGY_INFORMATION,PRODUCT_PICTURE,PRODUCT_ADDED_DATE,PRODUCT_UPDATE_DATE,CATEGORY_ID,USER_ID,ADMIN_VERIFIED) values (639,'Beef Ribs','Tender beef ribs, ideal for grilling or slow cooking.',18,35,'yes',1,null,'Contains beef. Processed in a facility handling soy and wheat.','667258e58c6e8.jpeg',to_date('31-MAY-24','DD-MON-RR'),to_date('31-MAY-24','DD-MON-RR'),1201,3,1);
Insert into PRODUCT (PRODUCT_ID,PRODUCT_NAME,PRODUCT_DESCRIPTION,PRODUCT_PRICE,PRODUCT_QUANTITY,STOCK_AVAILABLE,IS_DISABLED,MAX_ORDER,ALLERGY_INFORMATION,PRODUCT_PICTURE,PRODUCT_ADDED_DATE,PRODUCT_UPDATE_DATE,CATEGORY_ID,USER_ID,ADMIN_VERIFIED) values (640,'Chicken Breast','Fresh chicken breast, versatile for grilling, baking, or stir-frying.',10,60,'yes',1,null,'Contains chicken. Processed in a facility handling soy and wheat.','6672595a2edbb.jpeg',to_date('31-MAY-24','DD-MON-RR'),to_date('31-MAY-24','DD-MON-RR'),1201,3,1);
Insert into PRODUCT (PRODUCT_ID,PRODUCT_NAME,PRODUCT_DESCRIPTION,PRODUCT_PRICE,PRODUCT_QUANTITY,STOCK_AVAILABLE,IS_DISABLED,MAX_ORDER,ALLERGY_INFORMATION,PRODUCT_PICTURE,PRODUCT_ADDED_DATE,PRODUCT_UPDATE_DATE,CATEGORY_ID,USER_ID,ADMIN_VERIFIED) values (641,'Beef Tenderloin','Premium beef tenderloin, perfect for a gourmet dinner.',25,40,'yes',1,null,'Contains beef. Processed in a facility handling soy and wheat.','667259da15904.jpeg',to_date('31-MAY-24','DD-MON-RR'),to_date('31-MAY-24','DD-MON-RR'),1201,3,1);
Insert into PRODUCT (PRODUCT_ID,PRODUCT_NAME,PRODUCT_DESCRIPTION,PRODUCT_PRICE,PRODUCT_QUANTITY,STOCK_AVAILABLE,IS_DISABLED,MAX_ORDER,ALLERGY_INFORMATION,PRODUCT_PICTURE,PRODUCT_ADDED_DATE,PRODUCT_UPDATE_DATE,CATEGORY_ID,USER_ID,ADMIN_VERIFIED) values (642,'Turkey Breast','Lean and flavorful turkey breast, great for roasting or slicing.',22,55,'yes',1,null,'Contains turkey. Processed in a facility handling soy and wheat.','66725a44853a6.jpeg',to_date('31-MAY-24','DD-MON-RR'),to_date('31-MAY-24','DD-MON-RR'),1201,3,1);
Insert into PRODUCT (PRODUCT_ID,PRODUCT_NAME,PRODUCT_DESCRIPTION,PRODUCT_PRICE,PRODUCT_QUANTITY,STOCK_AVAILABLE,IS_DISABLED,MAX_ORDER,ALLERGY_INFORMATION,PRODUCT_PICTURE,PRODUCT_ADDED_DATE,PRODUCT_UPDATE_DATE,CATEGORY_ID,USER_ID,ADMIN_VERIFIED) values (643,'Tuna Steak','Fresh tuna steak, perfect for grilling or searing.',28,25,'yes',1,null,'Contains fish (tuna). Processed in a facility handling shellfish.','66725c69e843b.jpeg',to_date('31-MAY-24','DD-MON-RR'),to_date('31-MAY-24','DD-MON-RR'),1203,4,1);
Insert into PRODUCT (PRODUCT_ID,PRODUCT_NAME,PRODUCT_DESCRIPTION,PRODUCT_PRICE,PRODUCT_QUANTITY,STOCK_AVAILABLE,IS_DISABLED,MAX_ORDER,ALLERGY_INFORMATION,PRODUCT_PICTURE,PRODUCT_ADDED_DATE,PRODUCT_UPDATE_DATE,CATEGORY_ID,USER_ID,ADMIN_VERIFIED) values (644,'Scallops','Sweet and tender scallops, ideal for searing or grilling.',35,20,'yes',1,null,'Contains shellfish (scallops). Processed in a facility handling fish.','66725ce118030.jpeg',to_date('31-MAY-24','DD-MON-RR'),to_date('31-MAY-24','DD-MON-RR'),1203,4,1);
Insert into PRODUCT (PRODUCT_ID,PRODUCT_NAME,PRODUCT_DESCRIPTION,PRODUCT_PRICE,PRODUCT_QUANTITY,STOCK_AVAILABLE,IS_DISABLED,MAX_ORDER,ALLERGY_INFORMATION,PRODUCT_PICTURE,PRODUCT_ADDED_DATE,PRODUCT_UPDATE_DATE,CATEGORY_ID,USER_ID,ADMIN_VERIFIED) values (645,'Mussels','Fresh mussels with a delicate flavor, perfect for steaming.',20,50,'yes',1,null,'Contains shellfish (mussels). Processed in a facility handling fish.','66725d429c20c.jpeg',to_date('31-MAY-24','DD-MON-RR'),to_date('31-MAY-24','DD-MON-RR'),1203,4,1);
Insert into PRODUCT (PRODUCT_ID,PRODUCT_NAME,PRODUCT_DESCRIPTION,PRODUCT_PRICE,PRODUCT_QUANTITY,STOCK_AVAILABLE,IS_DISABLED,MAX_ORDER,ALLERGY_INFORMATION,PRODUCT_PICTURE,PRODUCT_ADDED_DATE,PRODUCT_UPDATE_DATE,CATEGORY_ID,USER_ID,ADMIN_VERIFIED) values (646,'Clams','Fresh clams, great for chowders or steaming.',25,60,'yes',1,null,'Contains shellfish (clams). Processed in a facility handling fish.','66725db2b54a9.jpeg',to_date('31-MAY-24','DD-MON-RR'),to_date('31-MAY-24','DD-MON-RR'),1203,4,1);
Insert into PRODUCT (PRODUCT_ID,PRODUCT_NAME,PRODUCT_DESCRIPTION,PRODUCT_PRICE,PRODUCT_QUANTITY,STOCK_AVAILABLE,IS_DISABLED,MAX_ORDER,ALLERGY_INFORMATION,PRODUCT_PICTURE,PRODUCT_ADDED_DATE,PRODUCT_UPDATE_DATE,CATEGORY_ID,USER_ID,ADMIN_VERIFIED) values (647,'Oysters','Fresh oysters with a briny, delicate flavor, perfect for raw or grilled dishes.',50,30,'yes',1,null,'Contains shellfish (oysters). Processed in a facility handling fish.','66725e2165833.jpeg',to_date('31-MAY-24','DD-MON-RR'),to_date('31-MAY-24','DD-MON-RR'),1203,4,1);

-- Insert into ORDER_PRODUCT
Insert into ORDER_PRODUCT (ORDER_PRODUCT_ID,NO_OF_PRODUCT,ORDER_STATUS,TOTAL_PRICE,SLOT_ID,CART_ID,ORDER_DATE,ORDER_TIME,DISCOUNT_AMOUNT,CUSTOMER_ID) values (1405,8,1,64,1505,901,to_date('01-JUN-24','DD-MON-RR'),to_timestamp('01-JUN-24 05.15.22.123000000 AM','DD-MON-RR HH.MI.SSXFF AM'),0,301);
Insert into ORDER_PRODUCT (ORDER_PRODUCT_ID,NO_OF_PRODUCT,ORDER_STATUS,TOTAL_PRICE,SLOT_ID,CART_ID,ORDER_DATE,ORDER_TIME,DISCOUNT_AMOUNT,CUSTOMER_ID) values (1406,5,1,50,1506,901,to_date('01-JUN-24','DD-MON-RR'),to_timestamp('01-JUN-24 05.20.33.456000000 AM','DD-MON-RR HH.MI.SSXFF AM'),0,301);
Insert into ORDER_PRODUCT (ORDER_PRODUCT_ID,NO_OF_PRODUCT,ORDER_STATUS,TOTAL_PRICE,SLOT_ID,CART_ID,ORDER_DATE,ORDER_TIME,DISCOUNT_AMOUNT,CUSTOMER_ID) values (1407,3,1,350,1507,901,to_date('01-JUN-24','DD-MON-RR'),to_timestamp('01-JUN-24 05.25.44.789000000 AM','DD-MON-RR HH.MI.SSXFF AM'),0,301);
Insert into ORDER_PRODUCT (ORDER_PRODUCT_ID,NO_OF_PRODUCT,ORDER_STATUS,TOTAL_PRICE,SLOT_ID,CART_ID,ORDER_DATE,ORDER_TIME,DISCOUNT_AMOUNT,CUSTOMER_ID) values (1408,12,1,600,1508,901,to_date('01-JUN-24','DD-MON-RR'),to_timestamp('01-JUN-24 05.30.55.012000000 AM','DD-MON-RR HH.MI.SSXFF AM'),0,301);
Insert into ORDER_PRODUCT (ORDER_PRODUCT_ID,NO_OF_PRODUCT,ORDER_STATUS,TOTAL_PRICE,SLOT_ID,CART_ID,ORDER_DATE,ORDER_TIME,DISCOUNT_AMOUNT,CUSTOMER_ID) values (1409,10,1,250,1509,901,to_date('01-JUN-24','DD-MON-RR'),to_timestamp('01-JUN-24 05.35.11.345000000 AM','DD-MON-RR HH.MI.SSXFF AM'),0,301);

-- Insert into ORDER_DETAILS
Insert into ORDER_DETAILS (PRODUCT_ID,TRADER_USER_ID,ORDER_PRODUCT_ID,PRODUCT_QTY,PRODUCT_PRICE) values (605,2,1405,2,8);
Insert into ORDER_DETAILS (PRODUCT_ID,TRADER_USER_ID,ORDER_PRODUCT_ID,PRODUCT_QTY,PRODUCT_PRICE) values (636,2,1405,3,6);
Insert into ORDER_DETAILS (PRODUCT_ID,TRADER_USER_ID,ORDER_PRODUCT_ID,PRODUCT_QTY,PRODUCT_PRICE) values (637,2,1405,3,7);
Insert into ORDER_DETAILS (PRODUCT_ID,TRADER_USER_ID,ORDER_PRODUCT_ID,PRODUCT_QTY,PRODUCT_PRICE) values (633,6,1406,3,2);
Insert into ORDER_DETAILS (PRODUCT_ID,TRADER_USER_ID,ORDER_PRODUCT_ID,PRODUCT_QTY,PRODUCT_PRICE) values (632,6,1406,2,12);
Insert into ORDER_DETAILS (PRODUCT_ID,TRADER_USER_ID,ORDER_PRODUCT_ID,PRODUCT_QTY,PRODUCT_PRICE) values (647,4,1407,2,50);
Insert into ORDER_DETAILS (PRODUCT_ID,TRADER_USER_ID,ORDER_PRODUCT_ID,PRODUCT_QTY,PRODUCT_PRICE) values (646,4,1407,1,25);
Insert into ORDER_DETAILS (PRODUCT_ID,TRADER_USER_ID,ORDER_PRODUCT_ID,PRODUCT_QTY,PRODUCT_PRICE) values (628,5,1408,12,10);
Insert into ORDER_DETAILS (PRODUCT_ID,TRADER_USER_ID,ORDER_PRODUCT_ID,PRODUCT_QTY,PRODUCT_PRICE) values (642,3,1409,10,22);

-- Insert into COLLECTION_SLOT
Insert into COLLECTION_SLOT (SLOT_ID,SLOT_DATE,SLOT_TIME,SLOT_DAY,ORDER_PRODUCT_ID,LOCATION) values (1505,to_date('04-JUN-24','DD-MON-RR'),'10:00-13:00','Tuesday',1405,'Location 1');
Insert into COLLECTION_SLOT (SLOT_ID,SLOT_DATE,SLOT_TIME,SLOT_DAY,ORDER_PRODUCT_ID,LOCATION) values (1506,to_date('06-JUN-24','DD-MON-RR'),'13:00-16:00','Thursday',1406,'Location 1');
Insert into COLLECTION_SLOT (SLOT_ID,SLOT_DATE,SLOT_TIME,SLOT_DAY,ORDER_PRODUCT_ID,LOCATION) values (1507,to_date('05-JUN-24','DD-MON-RR'),'16:00-19:00','Wednesday',1407,'Location 3');
Insert into COLLECTION_SLOT (SLOT_ID,SLOT_DATE,SLOT_TIME,SLOT_DAY,ORDER_PRODUCT_ID,LOCATION) values (1508,to_date('04-JUN-24','DD-MON-RR'),'13:00-16:00','Tuesday',1408,'Location 2');
Insert into COLLECTION_SLOT (SLOT_ID,SLOT_DATE,SLOT_TIME,SLOT_DAY,ORDER_PRODUCT_ID,LOCATION) values (1509,to_date('06-JUN-24','DD-MON-RR'),'10:00-13:00','Thursday',1409,'Location 1');

-- Insert into PAYMENT
Insert into PAYMENT (PAYMENT_ID,PAYMENT_DATE,PAYMENT_TYPE,PAYMENT_AMOUNT,CUSTOMER_ID,ORDER_PRODUCT_ID) values (1305,to_date('01-JUN-24','DD-MON-RR'),'PayPal',2,301,1405);
Insert into PAYMENT (PAYMENT_ID,PAYMENT_DATE,PAYMENT_TYPE,PAYMENT_AMOUNT,CUSTOMER_ID,ORDER_PRODUCT_ID) values (1306,to_date('01-JUN-24','DD-MON-RR'),'PayPal',1,301,1406);
Insert into PAYMENT (PAYMENT_ID,PAYMENT_DATE,PAYMENT_TYPE,PAYMENT_AMOUNT,CUSTOMER_ID,ORDER_PRODUCT_ID) values (1307,to_date('01-JUN-24','DD-MON-RR'),'PayPal',5,301,1407);
Insert into PAYMENT (PAYMENT_ID,PAYMENT_DATE,PAYMENT_TYPE,PAYMENT_AMOUNT,CUSTOMER_ID,ORDER_PRODUCT_ID) values (1308,to_date('01-JUN-24','DD-MON-RR'),'PayPal',6,301,1408);
Insert into PAYMENT (PAYMENT_ID,PAYMENT_DATE,PAYMENT_TYPE,PAYMENT_AMOUNT,CUSTOMER_ID,ORDER_PRODUCT_ID) values (1309,to_date('01-JUN-24','DD-MON-RR'),'PayPal',3,301,1409);

-- Insert into REVIEW
Insert into REVIEW (REVIEW_ID,REVIEW_DATE,REVIEW_SCORE,FEEDBACK,PRODUCT_ID,USER_ID,REVIEW_PROCIDED,ORDER_ID,CUSTOMER_ID) values (808,to_date('01-JUN-24','DD-MON-RR'),5,'The fruit tart was a perfect balance of sweet and fresh flavors!',605,7,1,1405,301);
Insert into REVIEW (REVIEW_ID,REVIEW_DATE,REVIEW_SCORE,FEEDBACK,PRODUCT_ID,USER_ID,REVIEW_PROCIDED,ORDER_ID,CUSTOMER_ID) values (809,to_date('01-JUN-24','DD-MON-RR'),4,'The blueberry muffins were moist and delicious, great for breakfast!',636,7,1,1405,301);
Insert into REVIEW (REVIEW_ID,REVIEW_DATE,REVIEW_SCORE,FEEDBACK,PRODUCT_ID,USER_ID,REVIEW_PROCIDED,ORDER_ID,CUSTOMER_ID) values (810,to_date('01-JUN-24','DD-MON-RR'),5,'The chocolate eclairs were rich and indulgent, a real treat!',637,7,1,1405,301);
Insert into REVIEW (REVIEW_ID,REVIEW_DATE,REVIEW_SCORE,FEEDBACK,PRODUCT_ID,USER_ID,REVIEW_PROCIDED,ORDER_ID,CUSTOMER_ID) values (811,to_date('01-JUN-24','DD-MON-RR'),5,'The oranges were juicy and packed with flavor, perfect for juicing!',633,7,1,1406,301);
Insert into REVIEW (REVIEW_ID,REVIEW_DATE,REVIEW_SCORE,FEEDBACK,PRODUCT_ID,USER_ID,REVIEW_PROCIDED,ORDER_ID,CUSTOMER_ID) values (812,to_date('01-JUN-24','DD-MON-RR'),4,'The pineapple was sweet and refreshing, great for smoothies!',632,7,1,1406,301);
Insert into REVIEW (REVIEW_ID,REVIEW_DATE,REVIEW_SCORE,FEEDBACK,PRODUCT_ID,USER_ID,REVIEW_PROCIDED,ORDER_ID,CUSTOMER_ID) values (813,to_date('01-JUN-24','DD-MON-RR'),5,'The oysters were incredibly fresh and briny, perfect for a special dinner!',647,7,1,1407,301);
Insert into REVIEW (REVIEW_ID,REVIEW_DATE,REVIEW_SCORE,FEEDBACK,PRODUCT_ID,USER_ID,REVIEW_PROCIDED,ORDER_ID,CUSTOMER_ID) values (814,to_date('01-JUN-24','DD-MON-RR'),4,'The clams were fresh and flavorful, great for a seafood chowder!',646,7,1,1407,301);
Insert into REVIEW (REVIEW_ID,REVIEW_DATE,REVIEW_SCORE,FEEDBACK,PRODUCT_ID,USER_ID,REVIEW_PROCIDED,ORDER_ID,CUSTOMER_ID) values (815,to_date('01-JUN-24','DD-MON-RR'),3,'The Parmesan was rich and nutty, perfect for grating over pasta!',628,7,1,1408,301);